{"name":"3af76890-b2a7-4e3e-95c1-bb1f78e2ab86","id":"/providers/Microsoft.Flow/flows/3af76890-b2a7-4e3e-95c1-bb1f78e2ab86","type":"Microsoft.Flow/flows","properties":{"apiId":"/providers/Microsoft.PowerApps/apis/shared_logicflows","displayName":"Date Difference","definition":{"metadata":{"workflowEntityId":null,"processAdvisorMetadata":null,"flowclientsuspensionreason":"None","flowclientsuspensiontime":null,"flowclientsuspensionreasondetails":null,"creator":{"id":"784b9323-9ea1-47d7-8312-7d29921b4ea5","type":"User","tenantId":"c5077205-dcc2-492b-a22d-c6d4f7304998"},"provisioningMethod":"FromDefinition","failureAlertSubscription":true,"clientLastModifiedTime":"2022-11-10T09:39:15.6699294Z"},"$schema":"https://schema.management.azure.com/providers/Microsoft.Logic/schemas/2016-06-01/workflowdefinition.json#","contentVersion":"1.0.0.0","parameters":{"$authentication":{"defaultValue":{},"type":"SecureObject"}},"triggers":{"manual":{"metadata":{"operationMetadataId":"fca41986-ae20-4153-b122-c1374f9057e0"},"type":"Request","kind":"Button","inputs":{"schema":{"type":"object","properties":{},"required":[]}}}},"actions":{"startDateTime":{"runAfter":{},"metadata":{"operationMetadataId":"58a691d2-9b87-469e-ae03-35706021bfbd"},"type":"Compose","inputs":"@parseDateTime('10/11/2022 09:10:24','en-gb')"},"endDateTime":{"runAfter":{"startDateTime":["Succeeded"]},"metadata":{"operationMetadataId":"ecbf23f0-16cf-4154-9d0a-1dfe080932d6"},"type":"Compose","inputs":"@parseDateTime('10/11/2022 09:10:24','en-gb')"},"dateDifferenceOutput":{"runAfter":{"endDateTime":["Succeeded"]},"metadata":{"operationMetadataId":"e83e384e-16e0-4ba6-a0b0-9709692fc3cb"},"type":"Compose","inputs":"@dateDifference(outputs('startDateTime'),outputs('endDateTime'))"},"splitDateDifferenceOutput":{"runAfter":{"dateDifferenceOutput":["Succeeded"]},"metadata":{"operationMetadataId":"0fcde2b9-7e52-472f-a5fe-8ea39e320a4d"},"type":"Compose","inputs":"@split(outputs('dateDifferenceOutput'), ':')"},"Initialize_variable_5":{"runAfter":{"splitDateDifferenceOutput":["Succeeded"]},"metadata":{"operationMetadataId":"b8c027ef-6751-4a91-9fed-c75796a5260a"},"type":"InitializeVariable","inputs":{"variables":[{"name":"dateDiff","type":"object","value":{"minutesLeft":"@int(outputs('splitDateDifferenceOutput')[1])","secondsLeft":"@int(outputs('splitDateDifferenceOutput')[2])","hoursLeft":"@int(last(split(outputs('splitDateDifferenceOutput')[0],'.')))","days":"@if(\r\n    greater(\r\n        indexOf(outputs('splitDateDifferenceOutput')[0],'.'),\r\n        -1\r\n    ),\r\n    int(split(outputs('splitDateDifferenceOutput')[0],'.')[0]),\r\n    0\r\n)"}}]}},"Parse_JSON":{"runAfter":{"Initialize_variable_5":["Succeeded"]},"metadata":{"operationMetadataId":"330a3b9d-3b02-4241-9eb7-26bd1dcf3b5d"},"type":"ParseJson","inputs":{"content":"@variables('dateDiff')","schema":{"type":"object","properties":{"minutesLeft":{"type":"integer"},"secondsLeft":{"type":"integer"},"hoursLeft":{"type":"integer"},"days":{"type":"integer"}}}}},"Compose_3":{"runAfter":{"Parse_JSON":["Succeeded"]},"metadata":{"operationMetadataId":"fcf1b172-a081-4e70-9e22-99da081da8b0"},"type":"Compose","inputs":"@split(outputs('splitDateDifferenceOutput')[0],'.')"}}},"connectionReferences":{},"flowFailureAlertSubscribed":false,"isManaged":false}}