{"name":"6f4f830a-68c9-4f23-884d-64ce90cc944b","id":"/providers/Microsoft.Flow/flows/6f4f830a-68c9-4f23-884d-64ce90cc944b","type":"Microsoft.Flow/flows","properties":{"apiId":"/providers/Microsoft.PowerApps/apis/shared_logicflows","displayName":"LoadCustomerDataPlus","definition":{"metadata":{"workflowEntityId":null,"processAdvisorMetadata":null,"flowChargedByPaygo":null,"flowclientsuspensionreason":"None","flowclientsuspensiontime":null,"flowclientsuspensionreasondetails":null,"creator":{"id":"784b9323-9ea1-47d7-8312-7d29921b4ea5","type":"User","tenantId":"c5077205-dcc2-492b-a22d-c6d4f7304998"},"provisioningMethod":"FromDefinition","failureAlertSubscription":true,"clientLastModifiedTime":"2023-09-09T21:40:43.9725632Z"},"$schema":"https://schema.management.azure.com/providers/Microsoft.Logic/schemas/2016-06-01/workflowdefinition.json#","contentVersion":"1.0.0.0","parameters":{"$connections":{"defaultValue":{},"type":"Object"},"$authentication":{"defaultValue":{},"type":"SecureObject"}},"triggers":{"manual":{"metadata":{"operationMetadataId":"02abd5d6-be5b-429d-8de3-5e9dc91cf9d3"},"type":"Request","kind":"Button","inputs":{"schema":{"type":"object","properties":{"file":{"title":"File Content","type":"object","x-ms-dynamically-added":true,"description":"Please select file or image","x-ms-content-hint":"FILE","properties":{"name":{"type":"string"},"contentBytes":{"type":"string","format":"byte"}}},"text":{"title":"site","type":"string","x-ms-dynamically-added":true,"description":"Please enter your input","x-ms-content-hint":"TEXT"},"text_1":{"title":"listName","type":"string","x-ms-dynamically-added":true,"description":"Please enter your input","x-ms-content-hint":"TEXT"}},"required":["text","text_1"]}}}},"actions":{"Compose":{"runAfter":{"Send_an_HTTP_request_to_SharePoint_2":["Succeeded"]},"metadata":{"operationMetadataId":"68f8846c-ba90-40ac-a5d9-52eed8449e81"},"type":"Compose","inputs":"@json(decodeBase64(triggerBody()['file']['contentBytes']))"},"Select":{"runAfter":{"metaData":["Succeeded"]},"metadata":{"operationMetadataId":"7a787805-491d-48ba-9dc2-8e54a45d21c6"},"type":"Select","inputs":{"from":"@outputs('Compose')","select":"@addProperty(item(),'__metadata',outputs('metaData'))"}},"metaData":{"runAfter":{"Compose":["Succeeded"]},"metadata":{"operationMetadataId":"b9d70762-842c-49a4-be20-8974c6793fe2"},"type":"Compose","inputs":{"type":"@{body('Send_an_HTTP_request_to_SharePoint_2')['ListItemEntityTypeFullName']}"}},"Send_an_HTTP_request_to_SharePoint_2":{"runAfter":{},"metadata":{"operationMetadataId":"19c0dd0d-9de7-4aa0-8f45-c8c0f92667ca"},"type":"OpenApiConnection","inputs":{"host":{"apiId":"/providers/Microsoft.PowerApps/apis/shared_sharepointonline","connectionName":"shared_sharepointonline","operationId":"HttpRequest"},"parameters":{"dataset":"@triggerBody()['text']","parameters/method":"GET","parameters/uri":"_api/web/lists/getbytitle('@{triggerBody()['text_1']}')?$select=ListItemEntityTypeFullName","parameters/headers":{"accept":"application/json;odata=nometadata"}},"authentication":{"value":"@json(decodeBase64(triggerOutputs().headers['X-MS-APIM-Tokens']))['$ConnectionKey']","type":"Raw"}}},"ConstantValues":{"runAfter":{"Select":["Succeeded"]},"metadata":{"operationMetadataId":"d93ece0b-fb7b-4fe4-819c-bb846314c88a"},"type":"ParseJson","inputs":{"content":{"defaultBatchSize":500,"totalItemSize":"@length(body('Select'))","chunkSize":5000},"schema":{"type":"object","properties":{"defaultBatchSize":{"type":"integer"},"totalItemSize":{"type":"integer"},"chunkSize":{"type":"integer"}}}}},"Condition":{"actions":{"Do_until":{"actions":{"ComposeIndex":{"runAfter":{},"metadata":{"operationMetadataId":"3a9a3835-4483-4a68-8b86-2815d4bd33f2"},"type":"Compose","inputs":"@iterationIndexes('Do_until')"},"ComposeThreads":{"runAfter":{"CurrentChunkSize":["Succeeded"]},"metadata":{"operationMetadataId":"b76d6d6c-f066-4f7f-94af-6da23dc7726e"},"type":"Compose","inputs":"@if(lessOrEquals(outputs('CurrentChunkSize'), body('ConstantValues')?['defaultBatchSize']), 1, if(greater(mod(outputs('CurrentChunkSize'), body('ConstantValues')?['defaultBatchSize']), 0), add(div(outputs('CurrentChunkSize'), body('ConstantValues')?['defaultBatchSize']), 1), div(outputs('CurrentChunkSize'), body('ConstantValues')?['defaultBatchSize'])))"},"ComposeBatchSize":{"runAfter":{"ComposeThreads":["Succeeded"]},"metadata":{"operationMetadataId":"a5f9fca1-376b-4bdd-97a5-a66e24dae23d"},"type":"Compose","inputs":"@if(greater(mod(outputs('CurrentChunkSize'), outputs('ComposeThreads')), 0), add(div(outputs('CurrentChunkSize'), outputs('ComposeThreads')), 1), div(outputs('CurrentChunkSize'), outputs('ComposeThreads')))"},"ComposeBatchChunk":{"runAfter":{"ComposeBatchSize":["Succeeded"]},"metadata":{"operationMetadataId":"6e553d52-f2c7-4fab-8a29-c12f218850c0"},"type":"Compose","inputs":"@chunk(outputs('ComposeChunk')?[outputs('ComposeIndex')],outputs('ComposeBatchSize'))"},"Apply_to_each":{"foreach":"@outputs('ComposeBatchChunk')","actions":{"Send_an_HTTP_request_to_SharePoint":{"runAfter":{"FinalBatchOutput":["Succeeded"]},"metadata":{"operationMetadataId":"f7af5887-70f1-4498-8cbe-ee749bd8fdfa"},"type":"OpenApiConnection","inputs":{"host":{"apiId":"/providers/Microsoft.PowerApps/apis/shared_sharepointonline","connectionName":"shared_sharepointonline","operationId":"HttpRequest"},"parameters":{"dataset":"@triggerBody()['text']","parameters/method":"POST","parameters/uri":"_api/$batch","parameters/headers":{"Content-Type":"multipart/mixed; boundary=@{outputs('batchID')}"},"parameters/body":"@outputs('FinalBatchOutput')"},"authentication":{"value":"@json(decodeBase64(triggerOutputs().headers['X-MS-APIM-Tokens']))['$ConnectionKey']","type":"Raw"}}},"FinalBatchOutput":{"runAfter":{"Join":["Succeeded"]},"metadata":{"operationMetadataId":"6ff8b2cd-aa21-4afb-a90e-8327a22d6f7e"},"type":"Compose","inputs":"@{outputs('header')}\n@{outputs('changeSetHeader')}\n@{body('Join')}\n\n--@{outputs('changeSetID')}--\n\n--@{outputs('batchID')}--","description":"Do not touch the spacing."},"Join":{"runAfter":{"changeSetHeader":["Succeeded"]},"metadata":{"operationMetadataId":"722b5db5-4b42-4739-a7e3-930399c5c6da"},"type":"Join","inputs":{"from":"@items('Apply_to_each')","joinWith":"\n@{outputs('changeSetHeader')}\n"},"description":"Do not touch the spacing."},"changeSetHeader":{"runAfter":{"header":["Succeeded"]},"metadata":{"operationMetadataId":"7c4cedfc-4a50-4945-9b93-d169d5678715"},"type":"Compose","inputs":"\n--@{outputs('changeSetID')}\nContent-Type: application/http\nContent-Transfer-Encoding: binary\n\nPOST @{triggerBody()['text']}/_api/web/lists/getbytitle('@{triggerBody()['text_1']}')/items HTTP/1.1\nContent-Type: application/json;odata=verbose\n","description":"Do not touch the spacing."},"header":{"runAfter":{"changeSetID":["Succeeded"]},"metadata":{"operationMetadataId":"264fc8fa-2f00-4c60-b166-f281334b0a31"},"type":"Compose","inputs":"--@{outputs('batchID')}\nContent-Type: multipart/mixed; boundary=@{outputs('changeSetID')}\nContent-Transfer-Encoding: binary"},"changeSetID":{"runAfter":{"batchID":["Succeeded"]},"metadata":{"operationMetadataId":"99695084-4da6-49e4-bfdb-18233b763325"},"type":"Compose","inputs":"changeset_@{guid()}"},"batchID":{"runAfter":{},"metadata":{"operationMetadataId":"fe02a2e4-1a6e-4a69-bf4d-57db7b9a5ac0"},"type":"Compose","inputs":"batch_@{guid()}"}},"runAfter":{"ComposeBatchChunk":["Succeeded"]},"metadata":{"operationMetadataId":"e1fbd16d-3a1f-4b42-90ba-2916cd3eb036"},"type":"Foreach","runtimeConfiguration":{"concurrency":{"repetitions":20}}},"CurrentChunkSize":{"runAfter":{"ComposeIndex":["Succeeded"]},"metadata":{"operationMetadataId":"476e3751-46ae-4b80-b7a7-9dc2ac033bde"},"type":"Compose","inputs":"@length(outputs('ComposeChunk')?[outputs('ComposeIndex')])"}},"runAfter":{},"expression":"@greaterOrEquals(outputs('ComposeIndex'), sub(length(outputs('ComposeChunk')), 1))","limit":{"count":20,"timeout":"PT1H"},"metadata":{"operationMetadataId":"9a9c10aa-decf-4ec8-a843-9f0f82d8e68d"},"type":"Until"}},"runAfter":{"ComposeChunk":["Succeeded"]},"else":{"actions":{"Terminate":{"runAfter":{},"metadata":{"operationMetadataId":"f99de11a-8e81-4838-ac5c-58e70985a596"},"type":"Terminate","inputs":{"runStatus":"Failed","runError":{"code":"001","message":"Maximum supported data set size exceeded"}}}}},"expression":{"lessOrEquals":["@body('ConstantValues')?['totalItemSize']",100000]},"metadata":{"operationMetadataId":"8bc6026b-b062-4243-839c-8c19549c9cdc"},"type":"If"},"ComposeChunk":{"runAfter":{"ConstantValues":["Succeeded"]},"metadata":{"operationMetadataId":"0e7d597f-633d-43c3-938b-4284524fbf61"},"type":"Compose","inputs":"@chunk(body('Select'),body('ConstantValues')?['chunkSize'])"}}},"connectionReferences":{"shared_sharepointonline":{"connectionName":"shared-sharepointonl-119e238b-32eb-4c2d-91d1-99db7e7a384f","source":"Invoker","id":"/providers/Microsoft.PowerApps/apis/shared_sharepointonline","tier":"NotSpecified"}},"flowFailureAlertSubscribed":false,"isManaged":false}}