{"name":"0f13db7b-bcfc-43d8-a9e8-9f1537513446","id":"/providers/Microsoft.Flow/flows/0f13db7b-bcfc-43d8-a9e8-9f1537513446","type":"Microsoft.Flow/flows","properties":{"apiId":"/providers/Microsoft.PowerApps/apis/shared_logicflows","displayName":"ComplexExpression","definition":{"metadata":{"workflowEntityId":null,"processAdvisorMetadata":null,"flowChargedByPaygo":null,"flowclientsuspensionreason":"None","flowclientsuspensiontime":null,"flowclientsuspensionreasondetails":null,"creator":{"id":"784b9323-9ea1-47d7-8312-7d29921b4ea5","type":"User","tenantId":"c5077205-dcc2-492b-a22d-c6d4f7304998"},"provisioningMethod":"FromDefinition","failureAlertSubscription":true,"clientLastModifiedTime":"2023-04-24T15:32:09.1265514Z"},"$schema":"https://schema.management.azure.com/providers/Microsoft.Logic/schemas/2016-06-01/workflowdefinition.json#","contentVersion":"1.0.0.0","parameters":{"$connections":{"defaultValue":{},"type":"Object"},"$authentication":{"defaultValue":{},"type":"SecureObject"}},"triggers":{"manual":{"metadata":{"operationMetadataId":"c55507f0-6614-4ad3-ac60-926120f56a26"},"type":"Request","kind":"PowerApp","inputs":{"schema":{"type":"object","properties":{},"required":[]}}}},"actions":{"Get_Parameter":{"runAfter":{"Initialize_AdminEmail":["Succeeded"]},"metadata":{"operationMetadataId":"7fe7043c-c884-4b32-8dd9-6a05e7e10deb"},"type":"OpenApiConnection","inputs":{"host":{"apiId":"/providers/Microsoft.PowerApps/apis/shared_sharepointonline","connectionName":"shared_sharepointonline","operationId":"GetItems"},"parameters":{"dataset":"https://5tc1fr.sharepoint.com/sites/Development","table":"6b17295a-eaef-4a5e-8b22-de3eda4253eb","$filter":"Title eq 'Parameter for App'"},"authentication":{"value":"@json(decodeBase64(triggerOutputs().headers['X-MS-APIM-Tokens']))['$ConnectionKey']","type":"Raw"}}},"Initialize_AdminEmail":{"runAfter":{},"metadata":{"operationMetadataId":"12b2beee-abef-42e3-b6f1-41ed6764551c"},"type":"InitializeVariable","inputs":{"variables":[{"name":"AdminEmail","type":"string"}]}},"Apply_to_each":{"foreach":"@outputs('Get_Parameter')?['body/value']","actions":{"Set_variable":{"runAfter":{},"metadata":{"operationMetadataId":"e1271cfb-c34c-45dd-91f8-5ad66f88f635"},"type":"SetVariable","inputs":{"name":"AdminEmail","value":"@items('Apply_to_each')?['AdminEmail']"}}},"runAfter":{"Get_Parameter":["Succeeded"]},"metadata":{"operationMetadataId":"059483d3-22fe-4a33-a7d8-1a9e62b8eff2"},"type":"Foreach"},"Compose":{"runAfter":{"Apply_to_each":["Succeeded"]},"metadata":{"operationMetadataId":"f2922cf7-84af-4e5b-a9e7-8b63724d2907"},"type":"Compose","inputs":"@variables('AdminEmail')"}}},"connectionReferences":{"shared_sharepointonline":{"connectionName":"shared-sharepointonl-119e238b-32eb-4c2d-91d1-99db7e7a384f","source":"Invoker","id":"/providers/Microsoft.PowerApps/apis/shared_sharepointonline","tier":"NotSpecified"}},"flowFailureAlertSubscribed":false,"isManaged":false}}