{"name":"e26f8501-56c8-4f92-82e7-0946d44b280a","id":"/providers/Microsoft.Flow/flows/e26f8501-56c8-4f92-82e7-0946d44b280a","type":"Microsoft.Flow/flows","properties":{"apiId":"/providers/Microsoft.PowerApps/apis/shared_logicflows","displayName":"GetSiteUsers","definition":{"metadata":{"workflowEntityId":null,"processAdvisorMetadata":null,"flowChargedByPaygo":null,"flowclientsuspensionreason":"None","flowclientsuspensiontime":null,"flowclientsuspensionreasondetails":null,"creator":{"id":"784b9323-9ea1-47d7-8312-7d29921b4ea5","type":"User","tenantId":"c5077205-dcc2-492b-a22d-c6d4f7304998"},"provisioningMethod":"FromDefinition","failureAlertSubscription":true,"clientLastModifiedTime":"2023-09-30T11:03:49.0797331Z"},"$schema":"https://schema.management.azure.com/providers/Microsoft.Logic/schemas/2016-06-01/workflowdefinition.json#","contentVersion":"1.0.0.0","parameters":{"$connections":{"defaultValue":{},"type":"Object"},"$authentication":{"defaultValue":{},"type":"SecureObject"}},"triggers":{"manual":{"metadata":{"operationMetadataId":"ef5ec3a7-f144-49d7-8233-398a86375dce"},"type":"Request","kind":"Button","inputs":{"schema":{"type":"object","properties":{"text":{"title":"SiteAddress","type":"string","x-ms-dynamically-added":true,"description":"Please enter your input","x-ms-content-hint":"TEXT"}},"required":["text"]}}}},"actions":{"GetSiteUsers":{"runAfter":{},"metadata":{"operationMetadataId":"528fbfff-aea8-4603-8ccf-0760b184a631"},"type":"OpenApiConnection","inputs":{"host":{"apiId":"/providers/Microsoft.PowerApps/apis/shared_sharepointonline","connectionName":"shared_sharepointonline_1","operationId":"HttpRequest"},"parameters":{"dataset":"@triggerBody()['text']","parameters/method":"GET","parameters/uri":"_api/Web/siteusers?$select=Id,Title,Email&$filter=PrincipalType eq 1 and UserPrincipalName ne null","parameters/headers":{"accept":"application/json;odata=nometadata"}},"authentication":{"value":"@json(decodeBase64(triggerOutputs().headers['X-MS-APIM-Tokens']))['$ConnectionKey']","type":"Raw"}}}}},"connectionReferences":{"shared_sharepointonline_1":{"connectionName":"7c93e71ae69148469dc93d92d87ca5b8","source":"Invoker","id":"/providers/Microsoft.PowerApps/apis/shared_sharepointonline","tier":"NotSpecified"}},"flowFailureAlertSubscribed":false,"isManaged":false}}